,Sales,Sales,Sales,Sales,Sales,Sales,Sales,Sales
,count,mean,std,min,25%,50%,75%,max
Company,,,,,,,,
FB,2.0,296.5,75.66042558696059,243.0,269.75,296.5,323.25,350.0
GOOG,2.0,160.0,56.568542494923804,120.0,140.0,160.0,180.0,200.0
MSFT,2.0,232.0,152.73506473629428,124.0,178.0,232.0,286.0,340.0
